{
 "Songs/angry_0.mp3": [
  0.14246857166290283,
  0.14351749420166016,
  0.14212150871753693,
  0.14346861839294434,
  0.14289407432079315,
  0.1430719494819641,
  0.14245782792568207
 ],
 "Songs/angry_1.mp3": [
  0.14246857166290283,
  0.14351749420166016,
  0.14212150871753693,
  0.14346861839294434,
  0.14289407432079315,
  0.1430719494819641,
  0.14245782792568207
 ],
 "Songs/angry_2.mp3": [
  0.14246857166290283,
  0.14351749420166016,
  0.14212150871753693,
  0.14346861839294434,
  0.14289407432079315,
  0.1430719494819641,
  0.14245782792568207
 ],
 "Songs/disgust_0.mp3": [
  0.14246857166290283,
  0.14351749420166016,
  0.14212150871753693,
  0.14346861839294434,
  0.14289407432079315,
  0.1430719494819641,
  0.14245782792568207
 ],
 "Songs/disgust_1.mp3": [
  0.14246857166290283,
  0.14351749420166016,
  0.14212150871753693,
  0.14346861839294434,
  0.14289407432079315,
  0.1430719494819641,
  0.14245782792568207
 ],
 "Songs/disgust_2.mp3": [
  0.14246857166290283,
  0.14351749420166016,
  0.14212150871753693,
  0.14346861839294434,
  0.14289407432079315,
  0.1430719494819641,
  0.14245782792568207
 ],
 "Songs/fear_0.mp3": [
  0.14246857166290283,
  0.14351749420166016,
  0.14212150871753693,
  0.14346861839294434,
  0.14289407432079315,
  0.1430719494819641,
  0.14245782792568207
 ],
 "Songs/fear_1.mp3": [
  0.14246857166290283,
  0.14351749420166016,
  0.14212150871753693,
  0.14346861839294434,
  0.14289407432079315,
  0.1430719494819641,
  0.14245782792568207
 ],
 "Songs/fear_2.mp3": [
  0.14246857166290283,
  0.14351749420166016,
  0.14212150871753693,
  0.14346861839294434,
  0.14289407432079315,
  0.1430719494819641,
  0.14245782792568207
 ],
 "Songs/happy_0.mp3": [
  0.14246857166290283,
  0.14351749420166016,
  0.14212150871753693,
  0.14346861839294434,
  0.14289407432079315,
  0.1430719494819641,
  0.14245782792568207
 ],
 "Songs/happy_1.mp3": [
  0.14246857166290283,
  0.14351749420166016,
  0.14212150871753693,
  0.14346861839294434,
  0.14289407432079315,
  0.1430719494819641,
  0.14245782792568207
 ],
 "Songs/happy_2.mp3": [
  0.14246857166290283,
  0.14351749420166016,
  0.14212150871753693,
  0.14346861839294434,
  0.14289407432079315,
  0.1430719494819641,
  0.14245782792568207
 ],
 "Songs/neutral_0.mp3": [
  0.14246857166290283,
  0.14351749420166016,
  0.14212150871753693,
  0.14346861839294434,
  0.14289407432079315,
  0.1430719494819641,
  0.14245782792568207
 ],
 "Songs/neutral_1.mp3": [
  0.14246857166290283,
  0.14351749420166016,
  0.14212150871753693,
  0.14346861839294434,
  0.14289407432079315,
  0.1430719494819641,
  0.14245782792568207
 ],
 "Songs/neutral_2.mp3": [
  0.14246857166290283,
  0.14351749420166016,
  0.14212150871753693,
  0.14346861839294434,
  0.14289407432079315,
  0.1430719494819641,
  0.14245782792568207
 ],
 "Songs/sad_0.mp3": [
  0.14246857166290283,
  0.14351749420166016,
  0.14212150871753693,
  0.14346861839294434,
  0.14289407432079315,
  0.1430719494819641,
  0.14245782792568207
 ],
 "Songs/sad_1.mp3": [
  0.14246857166290283,
  0.14351749420166016,
  0.14212150871753693,
  0.14346861839294434,
  0.14289407432079315,
  0.1430719494819641,
  0.14245782792568207
 ],
 "Songs/sad_2.mp3": [
  0.14246857166290283,
  0.14351749420166016,
  0.14212150871753693,
  0.14346861839294434,
  0.14289407432079315,
  0.1430719494819641,
  0.14245782792568207
 ],
 "Songs/surprise_0.mp3": [
  0.14246857166290283,
  0.14351749420166016,
  0.14212150871753693,
  0.14346861839294434,
  0.14289407432079315,
  0.1430719494819641,
  0.14245782792568207
 ],
 "Songs/surprise_1.mp3": [
  0.14246857166290283,
  0.14351749420166016,
  0.14212150871753693,
  0.14346861839294434,
  0.14289407432079315,
  0.1430719494819641,
  0.14245782792568207
 ],
 "Songs/surprise_2.mp3": [
  0.14246857166290283,
  0.14351749420166016,
  0.14212150871753693,
  0.14346861839294434,
  0.14289407432079315,
  0.1430719494819641,
  0.14245782792568207
 ]
}